{"stats":{"minecraft:mined":{"minecraft:chain":1,"minecraft:white_bed":2,"minecraft:furnace":2,"minecraft:iron_ore":19,"minecraft:oak_fence":1,"minecraft:crafting_table":3,"minecraft:short_grass":1,"minecraft:oak_log":10,"minecraft:coal_ore":6,"minecraft:stone":36,"minecraft:oak_planks":11},"minecraft:killed_by":{"minecraft:skeleton":1,"minecraft:creeper":1},"minecraft:used":{"minecraft:oak_fence":2,"minecraft:iron_axe":1,"minecraft:stone_pickaxe":46,"minecraft:oak_planks":2,"minecraft:wooden_pickaxe":19,"minecraft:stone_axe":18,"minecraft:torch":1,"minecraft:cobblestone":6,"minecraft:crafting_table":4,"minecraft:furnace":2,"minecraft:white_bed":2,"minecraft:egg":1,"minecraft:cooked_beef":3},"minecraft:custom":{"minecraft:time_since_rest":4951,"minecraft:interact_with_furnace":6,"minecraft:sprint_one_cm":86852,"minecraft:damage_taken":1282,"minecraft:walk_one_cm":60769,"minecraft:mob_kills":2,"minecraft:drop":3,"minecraft:damage_dealt":207,"minecraft:swim_one_cm":397,"minecraft:interact_with_crafting_table":14,"minecraft:fly_one_cm":72520,"minecraft:crouch_one_cm":1302,"minecraft:play_time":24315,"minecraft:deaths":2,"minecraft:sneak_time":764,"minecraft:walk_under_water_one_cm":6306,"minecraft:jump":376,"minecraft:walk_on_water_one_cm":4595,"minecraft:leave_game":3,"minecraft:time_since_death":4919,"minecraft:sleep_in_bed":1,"minecraft:total_world_time":24315,"minecraft:fall_one_cm":15449},"minecraft:crafted":{"minecraft:oak_planks":40,"minecraft:shield":1,"minecraft:iron_axe":1,"minecraft:crafting_table":3,"minecraft:stick":36,"minecraft:iron_ingot":7,"minecraft:wooden_pickaxe":2,"minecraft:iron_pickaxe":1,"minecraft:stone_pickaxe":2,"minecraft:furnace":2,"minecraft:stone_axe":2},"minecraft:dropped":{"minecraft:stone_axe":1,"minecraft:oak_fence":1,"minecraft:chain":1},"minecraft:picked_up":{"minecraft:stick":10,"minecraft:raw_iron":26,"minecraft:crafting_table":3,"minecraft:cooked_beef":5,"minecraft:oak_fence":3,"minecraft:torch":1,"minecraft:wooden_pickaxe":1,"minecraft:oak_log":10,"minecraft:chain":1,"minecraft:white_bed":3,"minecraft:bone":1,"minecraft:stone_axe":2,"minecraft:wheat_seeds":2,"minecraft:iron_ingot":1,"minecraft:stone_pickaxe":1,"minecraft:oak_planks":11,"minecraft:coal":10,"minecraft:furnace":2,"minecraft:cobblestone":50,"minecraft:egg":1}},"DataVersion":3953}