{"stats":{"minecraft:used":{"minecraft:wooden_axe":1,"minecraft:apple":1,"minecraft:stone_pickaxe":26,"minecraft:wooden_pickaxe":6,"minecraft:torch":1,"minecraft:stone_axe":12,"minecraft:cobblestone":1,"minecraft:crafting_table":3},"minecraft:picked_up":{"minecraft:raw_iron":2,"minecraft:crafting_table":3,"minecraft:oak_log":16,"minecraft:dirt":7,"minecraft:apple":1,"minecraft:wheat_seeds":1,"minecraft:coal":14,"minecraft:cobblestone":13},"minecraft:dropped":{"minecraft:wheat_seeds":1},"minecraft:custom":{"minecraft:time_since_rest":1573,"minecraft:sprint_one_cm":55494,"minecraft:damage_taken":240,"minecraft:walk_one_cm":22133,"minecraft:drop":1,"minecraft:damage_dealt":343,"minecraft:interact_with_crafting_table":4,"minecraft:swim_one_cm":4224,"minecraft:fly_one_cm":37052,"minecraft:crouch_one_cm":10,"minecraft:play_time":11848,"minecraft:deaths":1,"minecraft:sneak_time":1,"minecraft:walk_under_water_one_cm":1798,"minecraft:jump":233,"minecraft:time_since_death":1544,"minecraft:walk_on_water_one_cm":4650,"minecraft:total_world_time":11848,"minecraft:fall_one_cm":7253},"minecraft:mined":{"minecraft:iron_ore":1,"minecraft:crafting_table":3,"minecraft:glow_lichen":1,"minecraft:short_grass":3,"minecraft:oak_log":16,"minecraft:grass_block":6,"minecraft:coal_ore":14,"minecraft:deepslate_iron_ore":1,"minecraft:stone":13,"minecraft:oak_leaves":1},"minecraft:killed_by":{"minecraft:silverfish":1},"minecraft:crafted":{"minecraft:oak_planks":64,"minecraft:crafting_table":2,"minecraft:stick":16,"minecraft:wooden_pickaxe":1,"minecraft:stone_pickaxe":1,"minecraft:wooden_axe":1,"minecraft:torch":8,"minecraft:stone_axe":1}},"DataVersion":3953}