{"stats":{"minecraft:mined":{"minecraft:coal_ore":2,"minecraft:short_grass":1,"minecraft:oak_log":10,"minecraft:white_bed":1,"minecraft:oak_planks":2,"minecraft:stone":21,"minecraft:crafting_table":2},"minecraft:killed_by":{"minecraft:skeleton":1},"minecraft:used":{"minecraft:stone_axe":4,"minecraft:crafting_table":3,"minecraft:stone_pickaxe":4,"minecraft:oak_planks":2,"minecraft:white_bed":1,"minecraft:wooden_pickaxe":19,"minecraft:egg":1,"minecraft:cooked_beef":2},"minecraft:custom":{"minecraft:time_since_rest":3950,"minecraft:interact_with_furnace":1,"minecraft:damage_taken":455,"minecraft:play_time":13821,"minecraft:sprint_one_cm":32170,"minecraft:deaths":1,"minecraft:walk_one_cm":26952,"minecraft:jump":290,"minecraft:damage_dealt":78,"minecraft:leave_game":2,"minecraft:time_since_death":7926,"minecraft:sleep_in_bed":1,"minecraft:total_world_time":13821,"minecraft:interact_with_crafting_table":10,"minecraft:fall_one_cm":13495,"minecraft:fly_one_cm":65915},"minecraft:crafted":{"minecraft:oak_planks":40,"minecraft:stone_axe":2,"minecraft:crafting_table":2,"minecraft:stick":36,"minecraft:wooden_pickaxe":2,"minecraft:stone_pickaxe":2},"minecraft:picked_up":{"minecraft:cooked_beef":4,"minecraft:crafting_table":2,"minecraft:wheat_seeds":1,"minecraft:oak_log":10,"minecraft:white_bed":2,"minecraft:coal":1,"minecraft:cobblestone":19,"minecraft:egg":1}},"DataVersion":3953}