{"stats":{"minecraft:mined":{"minecraft:white_bed":3,"minecraft:powder_snow":7,"minecraft:oak_fence":1,"minecraft:crafting_table":5,"minecraft:short_grass":3,"minecraft:cobblestone":1,"minecraft:oak_planks":11,"minecraft:chain":1,"minecraft:furnace":4,"minecraft:iron_ore":27,"minecraft:coal_ore":10,"minecraft:oak_log":10,"minecraft:deepslate_iron_ore":5,"minecraft:dirt":1,"minecraft:stone":53,"minecraft:deepslate":3},"minecraft:killed_by":{"minecraft:skeleton":1,"minecraft:creeper":1},"minecraft:custom":{"minecraft:interact_with_furnace":38,"minecraft:mob_kills":10,"minecraft:interact_with_crafting_table":19,"minecraft:leave_game":4,"minecraft:time_since_death":22942,"minecraft:sleep_in_bed":2,"minecraft:time_since_rest":10066,"minecraft:sprint_one_cm":138389,"minecraft:damage_taken":1482,"minecraft:walk_one_cm":91768,"minecraft:damage_blocked_by_shield":440,"minecraft:drop":13,"minecraft:damage_dealt":990,"minecraft:swim_one_cm":397,"minecraft:fly_one_cm":129736,"minecraft:crouch_one_cm":2025,"minecraft:play_time":42338,"minecraft:deaths":2,"minecraft:sneak_time":1329,"minecraft:walk_under_water_one_cm":13232,"minecraft:jump":772,"minecraft:walk_on_water_one_cm":8428,"minecraft:total_world_time":42338,"minecraft:fall_one_cm":25831},"minecraft:used":{"minecraft:oak_fence":2,"minecraft:cooked_mutton":1,"minecraft:stone_pickaxe":94,"minecraft:oak_planks":2,"minecraft:wooden_pickaxe":19,"minecraft:shield":8,"minecraft:iron_chestplate":1,"minecraft:torch":1,"minecraft:dirt":1,"minecraft:crafting_table":6,"minecraft:white_bed":3,"minecraft:iron_axe":30,"minecraft:iron_helmet":1,"minecraft:iron_boots":1,"minecraft:stone_axe":18,"minecraft:cobblestone":21,"minecraft:furnace":4,"minecraft:cooked_porkchop":1,"minecraft:egg":1,"minecraft:cooked_beef":4,"minecraft:iron_leggings":1},"minecraft:crafted":{"minecraft:oak_planks":40,"minecraft:cooked_porkchop":1,"minecraft:crafting_table":3,"minecraft:wooden_pickaxe":2,"minecraft:iron_helmet":1,"minecraft:furnace":2,"minecraft:stone_axe":2,"minecraft:cooked_mutton":6,"minecraft:iron_boots":1,"minecraft:iron_chestplate":1,"minecraft:shield":1,"minecraft:iron_axe":1,"minecraft:stick":36,"minecraft:iron_ingot":31,"minecraft:iron_pickaxe":1,"minecraft:stone_pickaxe":2,"minecraft:iron_leggings":1},"minecraft:dropped":{"minecraft:iron_ingot":1,"minecraft:stone_axe":1,"minecraft:wheat_seeds":1,"minecraft:oak_fence":1,"minecraft:feather":4,"minecraft:gray_wool":1,"minecraft:chain":1,"minecraft:wooden_pickaxe":2,"minecraft:white_wool":1,"minecraft:black_wool":1},"minecraft:picked_up":{"minecraft:crafting_table":5,"minecraft:feather":4,"minecraft:cooked_beef":5,"minecraft:chicken":1,"minecraft:wooden_pickaxe":2,"minecraft:oak_log":10,"minecraft:chain":1,"minecraft:dirt":4,"minecraft:bone":5,"minecraft:wheat_seeds":2,"minecraft:cobbled_deepslate":3,"minecraft:iron_ingot":1,"minecraft:stone_pickaxe":1,"minecraft:oak_planks":11,"minecraft:egg":1,"minecraft:furnace":4,"minecraft:raw_iron":39,"minecraft:stick":10,"minecraft:oak_fence":3,"minecraft:torch":1,"minecraft:porkchop":2,"minecraft:white_bed":4,"minecraft:arrow":3,"minecraft:stone_axe":2,"minecraft:gray_wool":1,"minecraft:black_wool":1,"minecraft:mutton":6,"minecraft:coal":15,"minecraft:white_wool":1,"minecraft:cobblestone":68},"minecraft:killed":{"minecraft:pig":2,"minecraft:sheep":3,"minecraft:skeleton":2,"minecraft:chicken":1}},"DataVersion":3953}