{"stats":{"minecraft:used":{"minecraft:wooden_axe":8,"minecraft:apple":1,"minecraft:stone_pickaxe":31,"minecraft:iron_pickaxe":18,"minecraft:shield":1,"minecraft:wooden_pickaxe":6,"minecraft:torch":3,"minecraft:stone_axe":18,"minecraft:dirt":6,"minecraft:cobblestone":1,"minecraft:crafting_table":4,"minecraft:furnace":1,"minecraft:cobbled_deepslate":4},"minecraft:picked_up":{"minecraft:raw_iron":15,"minecraft:crafting_table":7,"minecraft:torch":20,"minecraft:wooden_pickaxe":1,"minecraft:porkchop":1,"minecraft:oak_log":20,"minecraft:shield":1,"minecraft:lapis_lazuli":34,"minecraft:dirt":17,"minecraft:apple":1,"minecraft:diamond":10,"minecraft:stone_axe":2,"minecraft:wheat_seeds":1,"minecraft:cobbled_deepslate":12,"minecraft:stone_pickaxe":1,"minecraft:iron_pickaxe":1,"minecraft:oak_planks":1,"minecraft:mutton":4,"minecraft:coal":26,"minecraft:white_wool":2,"minecraft:cobblestone":19,"minecraft:furnace":1},"minecraft:dropped":{"minecraft:wheat_seeds":1},"minecraft:killed":{"minecraft:sheep":1,"minecraft:pig":1},"minecraft:custom":{"minecraft:time_since_rest":4210,"minecraft:interact_with_furnace":6,"minecraft:sprint_one_cm":119400,"minecraft:damage_taken":580,"minecraft:walk_one_cm":43926,"minecraft:damage_blocked_by_shield":107,"minecraft:mob_kills":2,"minecraft:drop":1,"minecraft:damage_dealt":839,"minecraft:interact_with_crafting_table":9,"minecraft:swim_one_cm":5625,"minecraft:fly_one_cm":88467,"minecraft:crouch_one_cm":10,"minecraft:play_time":23848,"minecraft:deaths":2,"minecraft:sneak_time":1,"minecraft:walk_under_water_one_cm":3659,"minecraft:jump":527,"minecraft:time_since_death":4184,"minecraft:walk_on_water_one_cm":7160,"minecraft:total_world_time":23848,"minecraft:fall_one_cm":16740},"minecraft:mined":{"minecraft:furnace":1,"minecraft:deepslate_diamond_ore":5,"minecraft:iron_ore":1,"minecraft:deepslate_lapis_ore":2,"minecraft:crafting_table":4,"minecraft:glow_lichen":1,"minecraft:rose_bush":1,"minecraft:short_grass":4,"minecraft:oak_log":20,"minecraft:grass_block":6,"minecraft:coal_ore":14,"minecraft:deepslate_iron_ore":7,"minecraft:dirt":1,"minecraft:stone":13,"minecraft:oak_leaves":1,"minecraft:deepslate":9},"minecraft:killed_by":{"minecraft:silverfish":1,"minecraft:skeleton":1},"minecraft:crafted":{"minecraft:oak_planks":80,"minecraft:shield":1,"minecraft:crafting_table":2,"minecraft:stick":24,"minecraft:iron_pickaxe":1,"minecraft:iron_ingot":4,"minecraft:wooden_pickaxe":1,"minecraft:stone_pickaxe":1,"minecraft:wooden_axe":2,"minecraft:furnace":1,"minecraft:torch":16,"minecraft:stone_axe":1}},"DataVersion":3953}