{"stats":{"minecraft:mined":{"minecraft:chain":1,"minecraft:white_bed":2,"minecraft:furnace":2,"minecraft:iron_ore":27,"minecraft:oak_fence":1,"minecraft:crafting_table":3,"minecraft:deepslate_iron_ore":5,"minecraft:short_grass":1,"minecraft:oak_log":10,"minecraft:coal_ore":10,"minecraft:stone":38,"minecraft:oak_planks":11,"minecraft:deepslate":3},"minecraft:killed_by":{"minecraft:skeleton":1,"minecraft:creeper":1},"minecraft:used":{"minecraft:oak_fence":2,"minecraft:iron_axe":3,"minecraft:stone_pickaxe":68,"minecraft:oak_planks":2,"minecraft:shield":5,"minecraft:wooden_pickaxe":19,"minecraft:stone_axe":18,"minecraft:torch":1,"minecraft:cobblestone":6,"minecraft:crafting_table":4,"minecraft:furnace":2,"minecraft:white_bed":2,"minecraft:egg":1,"minecraft:cooked_beef":4},"minecraft:custom":{"minecraft:time_since_rest":10966,"minecraft:damage_taken":1342,"minecraft:interact_with_furnace":6,"minecraft:sprint_one_cm":112769,"minecraft:walk_one_cm":78353,"minecraft:damage_blocked_by_shield":260,"minecraft:mob_kills":3,"minecraft:drop":3,"minecraft:damage_dealt":407,"minecraft:swim_one_cm":397,"minecraft:interact_with_crafting_table":14,"minecraft:fly_one_cm":89766,"minecraft:crouch_one_cm":1399,"minecraft:play_time":30330,"minecraft:deaths":2,"minecraft:sneak_time":777,"minecraft:walk_under_water_one_cm":13232,"minecraft:jump":533,"minecraft:leave_game":3,"minecraft:time_since_death":10934,"minecraft:walk_on_water_one_cm":8428,"minecraft:sleep_in_bed":1,"minecraft:total_world_time":30330,"minecraft:fall_one_cm":20446},"minecraft:crafted":{"minecraft:oak_planks":40,"minecraft:shield":1,"minecraft:iron_axe":1,"minecraft:crafting_table":3,"minecraft:stick":36,"minecraft:wooden_pickaxe":2,"minecraft:iron_ingot":7,"minecraft:iron_pickaxe":1,"minecraft:stone_pickaxe":2,"minecraft:furnace":2,"minecraft:stone_axe":2},"minecraft:dropped":{"minecraft:stone_axe":1,"minecraft:oak_fence":1,"minecraft:chain":1},"minecraft:picked_up":{"minecraft:crafting_table":3,"minecraft:stick":10,"minecraft:raw_iron":39,"minecraft:cooked_beef":5,"minecraft:oak_fence":3,"minecraft:torch":1,"minecraft:wooden_pickaxe":1,"minecraft:oak_log":10,"minecraft:chain":1,"minecraft:white_bed":3,"minecraft:arrow":1,"minecraft:bone":3,"minecraft:stone_axe":2,"minecraft:wheat_seeds":2,"minecraft:cobbled_deepslate":3,"minecraft:iron_ingot":1,"minecraft:stone_pickaxe":1,"minecraft:oak_planks":11,"minecraft:coal":14,"minecraft:furnace":2,"minecraft:cobblestone":52,"minecraft:egg":1},"minecraft:killed":{"minecraft:skeleton":1}},"DataVersion":3953}