{"stats":{"minecraft:used":{"minecraft:stone_pickaxe":43,"minecraft:wooden_pickaxe":14,"minecraft:stone_axe":33,"minecraft:dirt":4,"minecraft:cobblestone":11,"minecraft:crafting_table":3,"minecraft:furnace":2,"minecraft:cooked_beef":2},"minecraft:picked_up":{"minecraft:birch_log":10,"minecraft:iron_chestplate":1,"minecraft:stick":2,"minecraft:crafting_table":2,"minecraft:cooked_beef":1,"minecraft:leather":7,"minecraft:dirt":11,"minecraft:arrow":2,"minecraft:bone":3,"minecraft:rotten_flesh":1,"minecraft:iron_ingot":4,"minecraft:hay_block":11,"minecraft:beef":17,"minecraft:birch_sapling":1,"minecraft:coal":15,"minecraft:cobblestone":34,"minecraft:furnace":2},"minecraft:dropped":{"minecraft:cooked_beef":4,"minecraft:birch_sapling":1,"minecraft:birch_log":1},"minecraft:killed":{"minecraft:cow":7},"minecraft:custom":{"minecraft:time_since_rest":3561,"minecraft:interact_with_furnace":9,"minecraft:sprint_one_cm":70870,"minecraft:damage_taken":103,"minecraft:walk_one_cm":29607,"minecraft:mob_kills":7,"minecraft:drop":6,"minecraft:damage_dealt":1640,"minecraft:swim_one_cm":7899,"minecraft:interact_with_crafting_table":4,"minecraft:fly_one_cm":83452,"minecraft:open_chest":3,"minecraft:crouch_one_cm":373,"minecraft:play_time":16352,"minecraft:sneak_time":503,"minecraft:walk_under_water_one_cm":224,"minecraft:jump":484,"minecraft:walk_on_water_one_cm":875,"minecraft:time_since_death":16352,"minecraft:sleep_in_bed":1,"minecraft:climb_one_cm":424,"minecraft:total_world_time":16352,"minecraft:fall_one_cm":15601},"minecraft:mined":{"minecraft:hay_block":11,"minecraft:furnace":2,"minecraft:birch_log":10,"minecraft:crafting_table":2,"minecraft:grass_block":3,"minecraft:coal_ore":15,"minecraft:dirt":5,"minecraft:tall_grass":1,"minecraft:cobblestone":1,"minecraft:stone":33,"minecraft:oak_leaves":2},"minecraft:crafted":{"minecraft:cooked_beef":9,"minecraft:crafting_table":2,"minecraft:stick":20,"minecraft:wooden_pickaxe":1,"minecraft:stone_pickaxe":1,"minecraft:furnace":2,"minecraft:birch_planks":36,"minecraft:stone_axe":1}},"DataVersion":3953}