{"stats":{"minecraft:used":{"minecraft:stone_axe":8,"minecraft:dirt":6,"minecraft:crafting_table":1,"minecraft:stone_pickaxe":5,"minecraft:wooden_pickaxe":30},"minecraft:picked_up":{"minecraft:arrow":1,"minecraft:crafting_table":1,"minecraft:stick":1,"minecraft:bone":1,"minecraft:rotten_flesh":2,"minecraft:wheat_seeds":1,"minecraft:oak_log":6,"minecraft:dirt":6,"minecraft:cobblestone":32},"minecraft:killed":{"minecraft:skeleton":1,"minecraft:zombie":2},"minecraft:custom":{"minecraft:time_since_rest":3729,"minecraft:crouch_one_cm":4625,"minecraft:play_time":3729,"minecraft:sprint_one_cm":5285,"minecraft:damage_taken":70,"minecraft:walk_one_cm":3956,"minecraft:sneak_time":869,"minecraft:walk_under_water_one_cm":593,"minecraft:mob_kills":3,"minecraft:jump":54,"minecraft:damage_dealt":382,"minecraft:walk_on_water_one_cm":337,"minecraft:time_since_death":3729,"minecraft:total_world_time":3729,"minecraft:swim_one_cm":4814,"minecraft:interact_with_crafting_table":2,"minecraft:fall_one_cm":1627,"minecraft:fly_one_cm":7280},"minecraft:mined":{"minecraft:short_grass":8,"minecraft:grass_block":1,"minecraft:oak_log":6,"minecraft:dirt":5,"minecraft:tall_grass":11,"minecraft:stone":34,"minecraft:crafting_table":1},"minecraft:crafted":{"minecraft:oak_planks":24,"minecraft:stone_axe":1,"minecraft:crafting_table":1,"minecraft:stick":8,"minecraft:stone_pickaxe":1,"minecraft:wooden_pickaxe":1}},"DataVersion":3953}