{"stats":{"minecraft:used":{"minecraft:stone_sword":23,"minecraft:stone_pickaxe":42,"minecraft:oak_planks":7,"minecraft:shield":5,"minecraft:wooden_pickaxe":30,"minecraft:oak_door":1,"minecraft:stone_axe":11,"minecraft:dirt":6,"minecraft:cobblestone":1,"minecraft:crafting_table":2,"minecraft:furnace":1,"minecraft:cooked_porkchop":1},"minecraft:picked_up":{"minecraft:raw_iron":5,"minecraft:stick":7,"minecraft:crafting_table":1,"minecraft:oak_door":1,"minecraft:wooden_pickaxe":4,"minecraft:porkchop":10,"minecraft:oak_log":6,"minecraft:shield":2,"minecraft:dirt":6,"minecraft:wooden_sword":1,"minecraft:cooked_mutton":3,"minecraft:stone_sword":4,"minecraft:bone":7,"minecraft:arrow":7,"minecraft:rotten_flesh":11,"minecraft:stone_axe":5,"minecraft:wheat_seeds":3,"minecraft:cobbled_deepslate":3,"minecraft:stone_pickaxe":6,"minecraft:oak_sapling":3,"minecraft:oak_planks":23,"minecraft:mutton":2,"minecraft:coal":24,"minecraft:cobblestone":56},"minecraft:dropped":{"minecraft:stone_axe":1,"minecraft:shield":1,"minecraft:wooden_sword":1,"minecraft:wooden_pickaxe":1,"minecraft:stone_pickaxe":2,"minecraft:cooked_mutton":1},"minecraft:killed":{"minecraft:skeleton":2,"minecraft:zombie":4,"minecraft:drowned":2},"minecraft:custom":{"minecraft:time_since_rest":7075,"minecraft:interact_with_furnace":8,"minecraft:sprint_one_cm":15929,"minecraft:damage_taken":695,"minecraft:walk_one_cm":20290,"minecraft:damage_blocked_by_shield":285,"minecraft:mob_kills":8,"minecraft:drop":7,"minecraft:damage_dealt":1568,"minecraft:player_kills":1,"minecraft:swim_one_cm":39703,"minecraft:interact_with_crafting_table":7,"minecraft:fly_one_cm":25804,"minecraft:deaths":2,"minecraft:crouch_one_cm":8631,"minecraft:play_time":15729,"minecraft:sneak_time":2089,"minecraft:walk_under_water_one_cm":18108,"minecraft:jump":249,"minecraft:time_since_death":7050,"minecraft:walk_on_water_one_cm":8897,"minecraft:total_world_time":15729,"minecraft:fall_one_cm":8313},"minecraft:mined":{"minecraft:oak_door":1,"minecraft:iron_ore":2,"minecraft:deepslate_iron_ore":3,"minecraft:crafting_table":1,"minecraft:short_grass":8,"minecraft:coal_ore":12,"minecraft:grass_block":1,"minecraft:oak_log":6,"minecraft:dirt":5,"minecraft:cobblestone":1,"minecraft:tall_grass":11,"minecraft:stone":49,"minecraft:oak_planks":1,"minecraft:deepslate":4},"minecraft:killed_by":{"minecraft:zombie":1},"minecraft:crafted":{"minecraft:oak_planks":24,"minecraft:cooked_porkchop":1,"minecraft:shield":2,"minecraft:crafting_table":1,"minecraft:stick":8,"minecraft:iron_ingot":2,"minecraft:wooden_pickaxe":1,"minecraft:stone_pickaxe":1,"minecraft:furnace":1,"minecraft:stone_axe":1,"minecraft:cooked_mutton":2,"minecraft:air":0}},"DataVersion":3953}