{"stats":{"minecraft:used":{"minecraft:cooked_mutton":1,"minecraft:stone_sword":30,"minecraft:stone_pickaxe":62,"minecraft:oak_planks":7,"minecraft:wooden_pickaxe":30,"minecraft:shield":9,"minecraft:rotten_flesh":5,"minecraft:oak_door":1,"minecraft:dirt":6,"minecraft:crafting_table":3,"minecraft:iron_axe":1,"minecraft:stone_axe":11,"minecraft:cobblestone":1,"minecraft:furnace":3,"minecraft:cooked_porkchop":1,"minecraft:cobbled_deepslate":17},"minecraft:picked_up":{"minecraft:crafting_table":2,"minecraft:wooden_pickaxe":5,"minecraft:oak_log":6,"minecraft:shield":3,"minecraft:dirt":6,"minecraft:wooden_sword":2,"minecraft:cooked_mutton":3,"minecraft:bone":7,"minecraft:wheat_seeds":3,"minecraft:cobbled_deepslate":22,"minecraft:iron_ingot":1,"minecraft:stone_pickaxe":6,"minecraft:oak_planks":23,"minecraft:furnace":1,"minecraft:stick":7,"minecraft:raw_iron":7,"minecraft:oak_door":1,"minecraft:porkchop":18,"minecraft:stone_sword":4,"minecraft:arrow":7,"minecraft:rotten_flesh":11,"minecraft:diamond":1,"minecraft:stone_axe":5,"minecraft:oak_sapling":3,"minecraft:mutton":2,"minecraft:coal":24,"minecraft:cobblestone":56},"minecraft:dropped":{"minecraft:iron_ingot":1,"minecraft:stone_axe":1,"minecraft:diamond":1,"minecraft:cooked_mutton":1,"minecraft:shield":1,"minecraft:wooden_sword":1,"minecraft:stone_pickaxe":2,"minecraft:wooden_pickaxe":1},"minecraft:killed":{"minecraft:pig":3,"minecraft:skeleton":2,"minecraft:zombie":4,"minecraft:drowned":2},"minecraft:custom":{"minecraft:interact_with_furnace":13,"minecraft:mob_kills":11,"minecraft:interact_with_crafting_table":10,"minecraft:leave_game":1,"minecraft:time_since_death":19706,"minecraft:time_since_rest":19731,"minecraft:sprint_one_cm":61788,"minecraft:damage_taken":865,"minecraft:walk_one_cm":41510,"minecraft:damage_blocked_by_shield":848,"minecraft:drop":9,"minecraft:damage_dealt":1963,"minecraft:swim_one_cm":51813,"minecraft:fly_one_cm":68617,"minecraft:player_kills":1,"minecraft:sneak_time":3190,"minecraft:crouch_one_cm":12545,"minecraft:play_time":28385,"minecraft:deaths":2,"minecraft:walk_under_water_one_cm":21297,"minecraft:jump":565,"minecraft:walk_on_water_one_cm":12160,"minecraft:total_world_time":28385,"minecraft:fall_one_cm":14097},"minecraft:mined":{"minecraft:oak_door":1,"minecraft:crafting_table":2,"minecraft:short_grass":12,"minecraft:grass_block":1,"minecraft:tall_grass":11,"minecraft:cobblestone":1,"minecraft:oak_planks":1,"minecraft:furnace":1,"minecraft:iron_ore":2,"minecraft:oak_log":6,"minecraft:coal_ore":12,"minecraft:deepslate_iron_ore":5,"minecraft:dirt":5,"minecraft:stone":49,"minecraft:deepslate":20},"minecraft:killed_by":{"minecraft:zombie":1},"minecraft:crafted":{"minecraft:oak_planks":24,"minecraft:cooked_porkchop":1,"minecraft:crafting_table":1,"minecraft:wooden_pickaxe":1,"minecraft:furnace":2,"minecraft:stone_axe":1,"minecraft:cooked_mutton":2,"minecraft:air":0,"minecraft:shield":2,"minecraft:iron_axe":1,"minecraft:stick":12,"minecraft:iron_ingot":6,"minecraft:stone_pickaxe":1}},"DataVersion":3953}