{"stats":{"minecraft:used":{"minecraft:stone_axe":1,"minecraft:dirt":6,"minecraft:wooden_pickaxe":11},"minecraft:picked_up":{"minecraft:crafting_table":1,"minecraft:oak_log":5,"minecraft:dirt":6,"minecraft:cobblestone":6},"minecraft:custom":{"minecraft:time_since_rest":2728,"minecraft:crouch_one_cm":178,"minecraft:play_time":2728,"minecraft:sprint_one_cm":4366,"minecraft:walk_one_cm":5501,"minecraft:sneak_time":23,"minecraft:walk_under_water_one_cm":3236,"minecraft:jump":26,"minecraft:walk_on_water_one_cm":815,"minecraft:time_since_death":2728,"minecraft:total_world_time":2728,"minecraft:swim_one_cm":585,"minecraft:interact_with_crafting_table":3,"minecraft:fall_one_cm":538,"minecraft:fly_one_cm":2014},"minecraft:mined":{"minecraft:grass_block":1,"minecraft:oak_log":5,"minecraft:dirt":5,"minecraft:stone":6,"minecraft:crafting_table":1},"minecraft:crafted":{"minecraft:oak_planks":20,"minecraft:stone_axe":1,"minecraft:stick":8,"minecraft:stone_pickaxe":1,"minecraft:wooden_pickaxe":1}},"DataVersion":3953}