{"stats":{"minecraft:mined":{"minecraft:tuff":9,"minecraft:white_bed":4,"minecraft:sculk_vein":2,"minecraft:powder_snow":11,"minecraft:crafting_table":6,"minecraft:granite":1,"minecraft:short_grass":18,"minecraft:grass_block":4,"minecraft:tall_grass":1,"minecraft:cobblestone":7,"minecraft:sculk":2,"minecraft:furnace":9,"minecraft:iron_ore":5,"minecraft:cobbled_deepslate":3,"minecraft:andesite":2,"minecraft:deepslate_lapis_ore":8,"minecraft:coal_ore":20,"minecraft:oak_log":5,"minecraft:gravel":2,"minecraft:dirt":1,"minecraft:stone":92,"minecraft:oak_leaves":3,"minecraft:deepslate":23},"minecraft:broken":{"minecraft:stone_pickaxe":1},"minecraft:killed_by":{"minecraft:player":2},"minecraft:custom":{"minecraft:interact_with_furnace":35,"minecraft:mob_kills":21,"minecraft:interact_with_crafting_table":11,"minecraft:time_since_death":15338,"minecraft:sleep_in_bed":3,"minecraft:time_since_rest":10058,"minecraft:sprint_one_cm":85083,"minecraft:damage_taken":1434,"minecraft:walk_one_cm":142111,"minecraft:drop":9,"minecraft:damage_dealt":2368,"minecraft:swim_one_cm":6205,"minecraft:fly_one_cm":155132,"minecraft:crouch_one_cm":5222,"minecraft:play_time":53734,"minecraft:deaths":2,"minecraft:sneak_time":2459,"minecraft:walk_under_water_one_cm":3508,"minecraft:jump":1077,"minecraft:walk_on_water_one_cm":5488,"minecraft:total_world_time":53734,"minecraft:fall_one_cm":33856},"minecraft:used":{"minecraft:cooked_mutton":3,"minecraft:stone_pickaxe":177,"minecraft:wooden_pickaxe":6,"minecraft:leather_boots":1,"minecraft:white_wool":4,"minecraft:torch":16,"minecraft:dirt":1,"minecraft:crafting_table":4,"minecraft:white_bed":4,"minecraft:wooden_axe":22,"minecraft:iron_axe":10,"minecraft:chicken":4,"minecraft:iron_pickaxe":12,"minecraft:stone_axe":32,"minecraft:cobblestone":44,"minecraft:beef":2,"minecraft:furnace":12,"minecraft:cooked_porkchop":3,"minecraft:egg":3,"minecraft:cooked_beef":4,"minecraft:cobbled_deepslate":21},"minecraft:dropped":{"minecraft:stone_axe":1,"minecraft:cooked_beef":4,"minecraft:crafting_table":1,"minecraft:cobblestone":1,"minecraft:cooked_mutton":1,"minecraft:stone_pickaxe":1},"minecraft:crafted":{"minecraft:cooked_beef":5,"minecraft:oak_planks":28,"minecraft:cooked_porkchop":4,"minecraft:leather_boots":1,"minecraft:crafting_table":1,"minecraft:wooden_pickaxe":1,"minecraft:cooked_chicken":4,"minecraft:furnace":4,"minecraft:stone_axe":1,"minecraft:cooked_mutton":4,"minecraft:air":0,"minecraft:iron_axe":1,"minecraft:stick":28,"minecraft:iron_ingot":6,"minecraft:iron_pickaxe":1,"minecraft:stone_pickaxe":2,"minecraft:wooden_axe":1,"minecraft:torch":16},"minecraft:picked_up":{"minecraft:wooden_axe":1,"minecraft:crafting_table":7,"minecraft:feather":6,"minecraft:cooked_beef":3,"minecraft:chicken":8,"minecraft:andesite":4,"minecraft:leather":4,"minecraft:wooden_pickaxe":1,"minecraft:tuff":12,"minecraft:oak_log":7,"minecraft:lapis_lazuli":88,"minecraft:dirt":2,"minecraft:cobbled_deepslate":40,"minecraft:stone_pickaxe":2,"minecraft:beef":15,"minecraft:oak_planks":6,"minecraft:egg":4,"minecraft:furnace":14,"minecraft:stick":14,"minecraft:raw_iron":10,"minecraft:cooked_porkchop":2,"minecraft:gravel":4,"minecraft:porkchop":8,"minecraft:white_bed":5,"minecraft:rotten_flesh":4,"minecraft:stone_axe":1,"minecraft:granite":4,"minecraft:coal":44,"minecraft:mutton":8,"minecraft:white_wool":6,"minecraft:cobblestone":107},"minecraft:killed":{"minecraft:pig":2,"minecraft:horse":3,"minecraft:sheep":5,"minecraft:zombie":2,"minecraft:chicken":8,"minecraft:cow":1}},"DataVersion":3953}