{"stats":{"minecraft:used":{"minecraft:cooked_mutton":1,"minecraft:stone_sword":4,"minecraft:stone_pickaxe":39,"minecraft:wooden_pickaxe":11,"minecraft:shield":10,"minecraft:oak_door":3,"minecraft:torch":8,"minecraft:stone_axe":6,"minecraft:dirt":6,"minecraft:cobblestone":27,"minecraft:oak_sapling":1,"minecraft:cooked_porkchop":2,"minecraft:cobbled_deepslate":9},"minecraft:picked_up":{"minecraft:stick":4,"minecraft:crafting_table":1,"minecraft:cooked_porkchop":2,"minecraft:oak_door":1,"minecraft:torch":9,"minecraft:wooden_pickaxe":4,"minecraft:oak_log":5,"minecraft:shield":3,"minecraft:dirt":6,"minecraft:wooden_sword":1,"minecraft:cooked_mutton":1,"minecraft:bone":3,"minecraft:arrow":1,"minecraft:stone_axe":3,"minecraft:cobbled_deepslate":19,"minecraft:stone_pickaxe":2,"minecraft:oak_sapling":1,"minecraft:coal":9,"minecraft:cobblestone":43},"minecraft:dropped":{"minecraft:stone_axe":1,"minecraft:shield":1,"minecraft:torch":1,"minecraft:cobbled_deepslate":8,"minecraft:arrow":1,"minecraft:wooden_pickaxe":2,"minecraft:bone":1},"minecraft:killed":{"minecraft:skeleton":1},"minecraft:custom":{"minecraft:time_since_rest":1522,"minecraft:interact_with_furnace":8,"minecraft:sprint_one_cm":42140,"minecraft:damage_taken":900,"minecraft:walk_one_cm":78813,"minecraft:damage_blocked_by_shield":845,"minecraft:mob_kills":1,"minecraft:drop":15,"minecraft:damage_dealt":270,"minecraft:swim_one_cm":26322,"minecraft:interact_with_crafting_table":9,"minecraft:fly_one_cm":40985,"minecraft:crouch_one_cm":4850,"minecraft:play_time":26728,"minecraft:deaths":2,"minecraft:sneak_time":1524,"minecraft:walk_under_water_one_cm":24587,"minecraft:jump":419,"minecraft:time_since_death":1474,"minecraft:walk_on_water_one_cm":13191,"minecraft:total_world_time":26728,"minecraft:fall_one_cm":10752},"minecraft:mined":{"minecraft:cobbled_deepslate":2,"minecraft:crafting_table":1,"minecraft:oak_log":5,"minecraft:grass_block":1,"minecraft:coal_ore":14,"minecraft:dirt":5,"minecraft:cobblestone":1,"minecraft:stone":8,"minecraft:deepslate":18,"minecraft:wall_torch":1},"minecraft:killed_by":{"minecraft:drowned":1,"minecraft:skeleton":1},"minecraft:crafted":{"minecraft:oak_door":3,"minecraft:oak_planks":20,"minecraft:stick":12,"minecraft:wooden_pickaxe":1,"minecraft:stone_pickaxe":1,"minecraft:stone_sword":2,"minecraft:torch":8,"minecraft:stone_axe":1}},"DataVersion":3953}