{"stats":{"minecraft:mined":{"minecraft:white_bed":1,"minecraft:furnace":2,"minecraft:iron_ore":3,"minecraft:crafting_table":4,"minecraft:granite":1,"minecraft:short_grass":16,"minecraft:grass_block":1,"minecraft:oak_log":5,"minecraft:coal_ore":20,"minecraft:gravel":2,"minecraft:tall_grass":1,"minecraft:cobblestone":2,"minecraft:stone":91,"minecraft:deepslate":3,"minecraft:oak_leaves":3},"minecraft:killed_by":{"minecraft:player":1},"minecraft:used":{"minecraft:wooden_axe":22,"minecraft:chicken":4,"minecraft:stone_pickaxe":120,"minecraft:wooden_pickaxe":6,"minecraft:torch":4,"minecraft:white_wool":3,"minecraft:stone_axe":13,"minecraft:dirt":1,"minecraft:cobblestone":32,"minecraft:beef":2,"minecraft:crafting_table":3,"minecraft:furnace":7,"minecraft:cooked_porkchop":2,"minecraft:white_bed":1,"minecraft:egg":3,"minecraft:cooked_beef":4,"minecraft:cobbled_deepslate":2},"minecraft:custom":{"minecraft:time_since_rest":15950,"minecraft:interact_with_furnace":13,"minecraft:sprint_one_cm":48757,"minecraft:damage_taken":990,"minecraft:walk_one_cm":72194,"minecraft:mob_kills":10,"minecraft:drop":6,"minecraft:damage_dealt":1127,"minecraft:interact_with_crafting_table":6,"minecraft:fly_one_cm":91076,"minecraft:crouch_one_cm":3943,"minecraft:play_time":29734,"minecraft:deaths":1,"minecraft:sneak_time":1067,"minecraft:walk_under_water_one_cm":265,"minecraft:jump":522,"minecraft:walk_on_water_one_cm":3514,"minecraft:time_since_death":28969,"minecraft:sleep_in_bed":1,"minecraft:total_world_time":29734,"minecraft:fall_one_cm":19352},"minecraft:dropped":{"minecraft:cooked_beef":4,"minecraft:crafting_table":1,"minecraft:cobblestone":1},"minecraft:crafted":{"minecraft:cooked_beef":5,"minecraft:oak_planks":28,"minecraft:crafting_table":1,"minecraft:stick":28,"minecraft:wooden_pickaxe":1,"minecraft:stone_pickaxe":1,"minecraft:wooden_axe":1,"minecraft:furnace":4,"minecraft:torch":16,"minecraft:stone_axe":1,"minecraft:air":0},"minecraft:picked_up":{"minecraft:raw_iron":3,"minecraft:cooked_beef":3,"minecraft:crafting_table":4,"minecraft:feather":1,"minecraft:chicken":4,"minecraft:cooked_porkchop":2,"minecraft:gravel":2,"minecraft:porkchop":4,"minecraft:oak_log":7,"minecraft:white_bed":2,"minecraft:dirt":1,"minecraft:cobbled_deepslate":3,"minecraft:beef":15,"minecraft:granite":1,"minecraft:oak_planks":1,"minecraft:mutton":6,"minecraft:coal":32,"minecraft:furnace":4,"minecraft:white_wool":4,"minecraft:cobblestone":93,"minecraft:egg":3},"minecraft:killed":{"minecraft:sheep":4,"minecraft:pig":1,"minecraft:chicken":4,"minecraft:cow":1}},"DataVersion":3953}