{"stats":{"minecraft:mined":{"minecraft:tuff":9,"minecraft:white_bed":3,"minecraft:sculk_vein":2,"minecraft:crafting_table":5,"minecraft:granite":1,"minecraft:short_grass":16,"minecraft:grass_block":1,"minecraft:tall_grass":1,"minecraft:cobblestone":2,"minecraft:sculk":2,"minecraft:furnace":5,"minecraft:iron_ore":5,"minecraft:cobbled_deepslate":2,"minecraft:andesite":2,"minecraft:deepslate_lapis_ore":8,"minecraft:coal_ore":20,"minecraft:oak_log":5,"minecraft:gravel":2,"minecraft:stone":91,"minecraft:oak_leaves":3,"minecraft:deepslate":23},"minecraft:broken":{"minecraft:stone_pickaxe":1},"minecraft:killed_by":{"minecraft:player":2},"minecraft:custom":{"minecraft:interact_with_furnace":14,"minecraft:mob_kills":12,"minecraft:interact_with_crafting_table":7,"minecraft:time_since_death":3338,"minecraft:sleep_in_bed":2,"minecraft:time_since_rest":3363,"minecraft:sprint_one_cm":62712,"minecraft:damage_taken":1375,"minecraft:walk_one_cm":110240,"minecraft:drop":7,"minecraft:damage_dealt":1498,"minecraft:swim_one_cm":6205,"minecraft:fly_one_cm":106392,"minecraft:crouch_one_cm":4875,"minecraft:play_time":41734,"minecraft:deaths":2,"minecraft:sneak_time":2247,"minecraft:walk_under_water_one_cm":3508,"minecraft:jump":822,"minecraft:walk_on_water_one_cm":5488,"minecraft:total_world_time":41734,"minecraft:fall_one_cm":27724},"minecraft:used":{"minecraft:cooked_mutton":1,"minecraft:stone_pickaxe":172,"minecraft:wooden_pickaxe":6,"minecraft:white_wool":4,"minecraft:torch":16,"minecraft:dirt":1,"minecraft:crafting_table":4,"minecraft:white_bed":3,"minecraft:wooden_axe":22,"minecraft:chicken":4,"minecraft:stone_axe":21,"minecraft:cobblestone":44,"minecraft:beef":2,"minecraft:furnace":8,"minecraft:cooked_porkchop":2,"minecraft:egg":3,"minecraft:cooked_beef":4,"minecraft:cobbled_deepslate":17},"minecraft:dropped":{"minecraft:cooked_beef":4,"minecraft:crafting_table":1,"minecraft:cobblestone":1,"minecraft:cooked_mutton":1},"minecraft:crafted":{"minecraft:cooked_beef":5,"minecraft:oak_planks":28,"minecraft:crafting_table":1,"minecraft:wooden_pickaxe":1,"minecraft:furnace":4,"minecraft:stone_axe":1,"minecraft:cooked_mutton":2,"minecraft:air":0,"minecraft:stick":28,"minecraft:stone_pickaxe":2,"minecraft:wooden_axe":1,"minecraft:torch":16},"minecraft:picked_up":{"minecraft:wooden_axe":1,"minecraft:crafting_table":6,"minecraft:feather":2,"minecraft:cooked_beef":3,"minecraft:chicken":4,"minecraft:andesite":4,"minecraft:wooden_pickaxe":1,"minecraft:tuff":12,"minecraft:oak_log":7,"minecraft:lapis_lazuli":88,"minecraft:dirt":1,"minecraft:cobbled_deepslate":39,"minecraft:stone_pickaxe":2,"minecraft:beef":15,"minecraft:oak_planks":6,"minecraft:egg":3,"minecraft:furnace":10,"minecraft:stick":14,"minecraft:raw_iron":10,"minecraft:cooked_porkchop":2,"minecraft:gravel":4,"minecraft:porkchop":4,"minecraft:white_bed":4,"minecraft:rotten_flesh":4,"minecraft:stone_axe":1,"minecraft:granite":4,"minecraft:coal":42,"minecraft:mutton":6,"minecraft:white_wool":4,"minecraft:cobblestone":100},"minecraft:killed":{"minecraft:pig":1,"minecraft:sheep":4,"minecraft:zombie":2,"minecraft:chicken":4,"minecraft:cow":1}},"DataVersion":3953}