{"stats":{"minecraft:used":{"minecraft:cooked_mutton":1,"minecraft:stone_pickaxe":17,"minecraft:wooden_pickaxe":11,"minecraft:shield":2,"minecraft:oak_door":3,"minecraft:torch":2,"minecraft:stone_axe":6,"minecraft:dirt":6,"minecraft:cobblestone":23,"minecraft:oak_sapling":1,"minecraft:cooked_porkchop":1},"minecraft:picked_up":{"minecraft:stick":4,"minecraft:crafting_table":1,"minecraft:cooked_porkchop":2,"minecraft:oak_door":1,"minecraft:torch":8,"minecraft:wooden_pickaxe":4,"minecraft:oak_log":5,"minecraft:shield":3,"minecraft:dirt":6,"minecraft:wooden_sword":1,"minecraft:cooked_mutton":1,"minecraft:bone":1,"minecraft:arrow":1,"minecraft:stone_axe":3,"minecraft:stone_pickaxe":2,"minecraft:oak_sapling":1,"minecraft:coal":9,"minecraft:cobblestone":43},"minecraft:dropped":{"minecraft:stone_axe":1,"minecraft:shield":1,"minecraft:torch":1,"minecraft:arrow":1,"minecraft:wooden_pickaxe":1,"minecraft:bone":1},"minecraft:killed":{"minecraft:skeleton":1},"minecraft:custom":{"minecraft:time_since_rest":5841,"minecraft:interact_with_furnace":5,"minecraft:sprint_one_cm":16229,"minecraft:damage_taken":515,"minecraft:walk_one_cm":33003,"minecraft:damage_blocked_by_shield":105,"minecraft:mob_kills":1,"minecraft:drop":6,"minecraft:damage_dealt":110,"minecraft:swim_one_cm":16627,"minecraft:interact_with_crafting_table":8,"minecraft:fly_one_cm":21594,"minecraft:crouch_one_cm":3236,"minecraft:play_time":14728,"minecraft:deaths":1,"minecraft:sneak_time":934,"minecraft:walk_under_water_one_cm":20759,"minecraft:jump":196,"minecraft:time_since_death":5817,"minecraft:walk_on_water_one_cm":9432,"minecraft:total_world_time":14728,"minecraft:fall_one_cm":6647},"minecraft:mined":{"minecraft:crafting_table":1,"minecraft:oak_log":5,"minecraft:grass_block":1,"minecraft:coal_ore":14,"minecraft:dirt":5,"minecraft:cobblestone":1,"minecraft:stone":8},"minecraft:killed_by":{"minecraft:drowned":1},"minecraft:crafted":{"minecraft:oak_door":3,"minecraft:oak_planks":20,"minecraft:stick":12,"minecraft:wooden_pickaxe":1,"minecraft:stone_pickaxe":1,"minecraft:stone_sword":1,"minecraft:torch":8,"minecraft:stone_axe":1}},"DataVersion":3953}