{"stats":{"minecraft:mined":{"minecraft:white_bed":1,"minecraft:furnace":2,"minecraft:crafting_table":3,"minecraft:granite":1,"minecraft:short_grass":16,"minecraft:grass_block":1,"minecraft:oak_log":5,"minecraft:coal_ore":17,"minecraft:gravel":2,"minecraft:tall_grass":1,"minecraft:stone":48,"minecraft:oak_leaves":3},"minecraft:killed_by":{"minecraft:player":1},"minecraft:used":{"minecraft:wooden_axe":22,"minecraft:chicken":4,"minecraft:stone_pickaxe":66,"minecraft:wooden_pickaxe":6,"minecraft:stone_axe":9,"minecraft:beef":2,"minecraft:crafting_table":3,"minecraft:furnace":5,"minecraft:white_bed":1,"minecraft:egg":3,"minecraft:cooked_beef":1},"minecraft:custom":{"minecraft:time_since_rest":3950,"minecraft:interact_with_furnace":11,"minecraft:sprint_one_cm":40610,"minecraft:damage_taken":325,"minecraft:walk_one_cm":45687,"minecraft:mob_kills":10,"minecraft:drop":5,"minecraft:damage_dealt":1006,"minecraft:interact_with_crafting_table":6,"minecraft:fly_one_cm":81282,"minecraft:play_time":17734,"minecraft:deaths":1,"minecraft:jump":432,"minecraft:time_since_death":16969,"minecraft:sleep_in_bed":1,"minecraft:total_world_time":17734,"minecraft:fall_one_cm":14034},"minecraft:dropped":{"minecraft:cooked_beef":4,"minecraft:crafting_table":1},"minecraft:crafted":{"minecraft:cooked_beef":5,"minecraft:oak_planks":24,"minecraft:crafting_table":1,"minecraft:stick":8,"minecraft:wooden_pickaxe":1,"minecraft:stone_pickaxe":1,"minecraft:wooden_axe":1,"minecraft:furnace":4,"minecraft:stone_axe":1,"minecraft:air":0},"minecraft:picked_up":{"minecraft:cooked_beef":3,"minecraft:crafting_table":3,"minecraft:feather":1,"minecraft:chicken":4,"minecraft:cooked_porkchop":2,"minecraft:gravel":2,"minecraft:porkchop":4,"minecraft:oak_log":6,"minecraft:white_bed":2,"minecraft:dirt":1,"minecraft:beef":15,"minecraft:granite":1,"minecraft:oak_planks":1,"minecraft:mutton":6,"minecraft:coal":23,"minecraft:furnace":4,"minecraft:white_wool":4,"minecraft:cobblestone":48,"minecraft:egg":3},"minecraft:killed":{"minecraft:sheep":4,"minecraft:pig":1,"minecraft:chicken":4,"minecraft:cow":1}},"DataVersion":3953}