{"stats":{"minecraft:used":{"minecraft:oak_log":2,"minecraft:apple":1,"minecraft:stone_sword":5,"minecraft:stone_pickaxe":26,"minecraft:wooden_pickaxe":12,"minecraft:stone_axe":2,"minecraft:wooden_sword":15,"minecraft:cobblestone":3,"minecraft:crafting_table":4,"minecraft:furnace":1,"minecraft:cooked_porkchop":2},"minecraft:picked_up":{"minecraft:raw_iron":3,"minecraft:stick":6,"minecraft:crafting_table":3,"minecraft:oak_door":1,"minecraft:leather":4,"minecraft:wooden_pickaxe":2,"minecraft:porkchop":5,"minecraft:oak_log":12,"minecraft:wooden_sword":2,"minecraft:stone_sword":1,"minecraft:apple":1,"minecraft:stone_axe":1,"minecraft:wheat_seeds":1,"minecraft:cobbled_deepslate":1,"minecraft:beef":22,"minecraft:stone_pickaxe":2,"minecraft:oak_sapling":2,"minecraft:oak_planks":5,"minecraft:mutton":2,"minecraft:coal":11,"minecraft:white_wool":1,"minecraft:cobblestone":49,"minecraft:furnace":1},"minecraft:dropped":{"minecraft:stone_axe":1,"minecraft:porkchop":5,"minecraft:wheat_seeds":1,"minecraft:stone_sword":1,"minecraft:crafting_table":1,"minecraft:cooked_porkchop":2,"minecraft:oak_sapling":1,"minecraft:wooden_sword":2,"minecraft:stone_pickaxe":1,"minecraft:wooden_pickaxe":1},"minecraft:killed":{"minecraft:sheep":1,"minecraft:pig":2,"minecraft:cow":4},"minecraft:custom":{"minecraft:time_since_rest":7009,"minecraft:interact_with_furnace":5,"minecraft:sprint_one_cm":73185,"minecraft:damage_taken":755,"minecraft:walk_one_cm":20533,"minecraft:mob_kills":7,"minecraft:drop":12,"minecraft:damage_dealt":987,"minecraft:swim_one_cm":17521,"minecraft:interact_with_crafting_table":8,"minecraft:fly_one_cm":102862,"minecraft:crouch_one_cm":3615,"minecraft:play_time":17948,"minecraft:deaths":2,"minecraft:sneak_time":1187,"minecraft:walk_under_water_one_cm":2777,"minecraft:jump":486,"minecraft:time_since_death":6985,"minecraft:walk_on_water_one_cm":2733,"minecraft:total_world_time":17948,"minecraft:fall_one_cm":21040},"minecraft:mined":{"minecraft:furnace":1,"minecraft:fire":1,"minecraft:iron_ore":2,"minecraft:crafting_table":1,"minecraft:short_grass":1,"minecraft:oak_log":12,"minecraft:grass_block":1,"minecraft:coal_ore":1,"minecraft:deepslate_iron_ore":1,"minecraft:stone":33},"minecraft:killed_by":{"minecraft:player":1,"minecraft:skeleton":1},"minecraft:crafted":{"minecraft:wooden_sword":1,"minecraft:oak_planks":40,"minecraft:cooked_porkchop":4,"minecraft:crafting_table":3,"minecraft:stick":20,"minecraft:iron_ingot":2,"minecraft:wooden_pickaxe":2,"minecraft:stone_pickaxe":2,"minecraft:stone_sword":2,"minecraft:stone_axe":2,"minecraft:air":0}},"DataVersion":3953}