{"stats":{"minecraft:used":{"minecraft:oak_log":2,"minecraft:stone_sword":5,"minecraft:apple":1,"minecraft:crafting_table":1,"minecraft:stone_pickaxe":5,"minecraft:wooden_pickaxe":9},"minecraft:picked_up":{"minecraft:crafting_table":1,"minecraft:apple":1,"minecraft:oak_log":7,"minecraft:oak_sapling":1,"minecraft:coal":1,"minecraft:mutton":2,"minecraft:white_wool":1,"minecraft:cobblestone":13},"minecraft:dropped":{"minecraft:crafting_table":1},"minecraft:killed":{"minecraft:sheep":1},"minecraft:custom":{"minecraft:time_since_rest":5948,"minecraft:crouch_one_cm":984,"minecraft:play_time":5948,"minecraft:sprint_one_cm":19614,"minecraft:damage_taken":185,"minecraft:walk_one_cm":8110,"minecraft:walk_under_water_one_cm":344,"minecraft:sneak_time":197,"minecraft:mob_kills":1,"minecraft:drop":1,"minecraft:jump":204,"minecraft:damage_dealt":298,"minecraft:walk_on_water_one_cm":53,"minecraft:time_since_death":5948,"minecraft:total_world_time":5948,"minecraft:swim_one_cm":2874,"minecraft:interact_with_crafting_table":2,"minecraft:fall_one_cm":8592,"minecraft:fly_one_cm":42363},"minecraft:mined":{"minecraft:coal_ore":1,"minecraft:oak_log":7,"minecraft:stone":13},"minecraft:crafted":{"minecraft:stone_sword":1,"minecraft:oak_planks":20,"minecraft:stone_axe":1,"minecraft:crafting_table":1,"minecraft:stick":8,"minecraft:wooden_pickaxe":1,"minecraft:stone_pickaxe":1}},"DataVersion":3953}