{"stats":{"minecraft:used":{"minecraft:stone_sword":10,"minecraft:stone_pickaxe":26,"minecraft:wooden_pickaxe":12,"minecraft:crafting_table":5,"minecraft:oak_log":2,"minecraft:diamond_pickaxe":20,"minecraft:apple":1,"minecraft:iron_pickaxe":7,"minecraft:stone_axe":2,"minecraft:wooden_sword":15,"minecraft:cobblestone":14,"minecraft:beef":2,"minecraft:furnace":2,"minecraft:cooked_porkchop":2,"minecraft:cooked_beef":1,"minecraft:cobbled_deepslate":18},"minecraft:picked_up":{"minecraft:crafting_table":3,"minecraft:leather":4,"minecraft:wooden_pickaxe":2,"minecraft:oak_log":12,"minecraft:wooden_sword":2,"minecraft:apple":1,"minecraft:wheat_seeds":1,"minecraft:cobbled_deepslate":26,"minecraft:beef":26,"minecraft:stone_pickaxe":3,"minecraft:iron_pickaxe":1,"minecraft:oak_planks":7,"minecraft:furnace":1,"minecraft:stick":9,"minecraft:raw_iron":7,"minecraft:oak_door":2,"minecraft:porkchop":5,"minecraft:stone_sword":2,"minecraft:diamond":7,"minecraft:stone_axe":2,"minecraft:oak_sapling":2,"minecraft:coal":11,"minecraft:mutton":2,"minecraft:white_wool":1,"minecraft:cobblestone":51},"minecraft:dropped":{"minecraft:stone_axe":1,"minecraft:porkchop":5,"minecraft:wheat_seeds":1,"minecraft:stone_sword":1,"minecraft:crafting_table":1,"minecraft:cooked_porkchop":2,"minecraft:oak_sapling":1,"minecraft:wooden_sword":2,"minecraft:stone_pickaxe":1,"minecraft:wooden_pickaxe":1},"minecraft:killed":{"minecraft:pig":2,"minecraft:skeleton":1,"minecraft:sheep":1,"minecraft:cow":4},"minecraft:custom":{"minecraft:interact_with_furnace":19,"minecraft:mob_kills":8,"minecraft:interact_with_crafting_table":13,"minecraft:time_since_death":759,"minecraft:time_since_rest":782,"minecraft:sprint_one_cm":122572,"minecraft:damage_taken":958,"minecraft:walk_one_cm":36621,"minecraft:drop":12,"minecraft:damage_dealt":1267,"minecraft:swim_one_cm":32535,"minecraft:fly_one_cm":162864,"minecraft:crouch_one_cm":6705,"minecraft:play_time":29948,"minecraft:deaths":3,"minecraft:sneak_time":1957,"minecraft:walk_under_water_one_cm":4057,"minecraft:jump":860,"minecraft:walk_on_water_one_cm":5507,"minecraft:total_world_time":29948,"minecraft:fall_one_cm":32153},"minecraft:mined":{"minecraft:deepslate_diamond_ore":5,"minecraft:crafting_table":1,"minecraft:short_grass":1,"minecraft:grass_block":1,"minecraft:cobblestone":2,"minecraft:furnace":1,"minecraft:iron_ore":2,"minecraft:fire":1,"minecraft:coal_ore":1,"minecraft:oak_log":12,"minecraft:deepslate_iron_ore":3,"minecraft:stone":33,"minecraft:deepslate":18},"minecraft:killed_by":{"minecraft:player":1,"minecraft:skeleton":1},"minecraft:crafted":{"minecraft:cooked_beef":1,"minecraft:wooden_sword":1,"minecraft:oak_planks":40,"minecraft:cooked_porkchop":4,"minecraft:crafting_table":3,"minecraft:wooden_pickaxe":2,"minecraft:furnace":1,"minecraft:stone_axe":2,"minecraft:air":0,"minecraft:diamond_pickaxe":1,"minecraft:stick":24,"minecraft:iron_ingot":3,"minecraft:iron_pickaxe":1,"minecraft:stone_pickaxe":2,"minecraft:stone_sword":2}},"DataVersion":3953}