{"stats":{"minecraft:used":{"minecraft:stone_sword":13,"minecraft:birch_planks":13,"minecraft:stone_pickaxe":22,"minecraft:wooden_pickaxe":9,"minecraft:stone_axe":38,"minecraft:dirt":1,"minecraft:cobblestone":17,"minecraft:crafting_table":1,"minecraft:cooked_beef":6,"minecraft:obsidian":6},"minecraft:picked_up":{"minecraft:birch_log":117,"minecraft:crafting_table":3,"minecraft:stick":2,"minecraft:cooked_beef":4,"minecraft:leather":1,"minecraft:wooden_pickaxe":2,"minecraft:birch_planks":26,"minecraft:brewing_stand":1,"minecraft:blast_furnace":1,"minecraft:dirt":2,"minecraft:raw_copper":11,"minecraft:bone":1,"minecraft:stone_sword":2,"minecraft:arrow":2,"minecraft:stone_axe":1,"minecraft:beef":3,"minecraft:stone_pickaxe":1,"minecraft:birch_sapling":4,"minecraft:cobblestone":25},"minecraft:dropped":{"minecraft:iron_chestplate":1},"minecraft:killed":{"minecraft:skeleton":2,"minecraft:zombie":1,"minecraft:iron_golem":1,"minecraft:cow":1},"minecraft:custom":{"minecraft:time_since_rest":3561,"minecraft:interact_with_furnace":2,"minecraft:sprint_one_cm":78026,"minecraft:damage_taken":813,"minecraft:walk_one_cm":15675,"minecraft:mob_kills":5,"minecraft:drop":1,"minecraft:damage_dealt":630,"minecraft:swim_one_cm":6564,"minecraft:interact_with_crafting_table":3,"minecraft:fly_one_cm":118755,"minecraft:open_chest":5,"minecraft:crouch_one_cm":2082,"minecraft:play_time":15787,"minecraft:deaths":2,"minecraft:sneak_time":808,"minecraft:walk_under_water_one_cm":179,"minecraft:jump":572,"minecraft:walk_on_water_one_cm":122,"minecraft:time_since_death":10138,"minecraft:sleep_in_bed":1,"minecraft:total_world_time":15787,"minecraft:fall_one_cm":18038},"minecraft:mined":{"minecraft:birch_log":42,"minecraft:brewing_stand":1,"minecraft:crafting_table":1,"minecraft:blast_furnace":1,"minecraft:grass_block":4,"minecraft:dirt":1,"minecraft:copper_ore":2,"minecraft:stone":25,"minecraft:netherrack":1},"minecraft:killed_by":{"minecraft:skeleton":2},"minecraft:crafted":{"minecraft:cooked_beef":3,"minecraft:crafting_table":1,"minecraft:stick":8,"minecraft:wooden_pickaxe":1,"minecraft:stone_pickaxe":1,"minecraft:stone_sword":1,"minecraft:birch_planks":44,"minecraft:stone_axe":1,"minecraft:air":0}},"DataVersion":3953}