{"stats":{"minecraft:mined":{"minecraft:deepslate_redstone_ore":3,"minecraft:tuff":15,"minecraft:white_bed":3,"minecraft:sculk_vein":1,"minecraft:powder_snow":14,"minecraft:crafting_table":5,"minecraft:granite":1,"minecraft:short_grass":4,"minecraft:cobblestone":3,"minecraft:oak_planks":6,"minecraft:sculk":2,"minecraft:wall_torch":1,"minecraft:furnace":6,"minecraft:iron_ore":17,"minecraft:pointed_dripstone":4,"minecraft:oak_log":16,"minecraft:coal_ore":10,"minecraft:deepslate_iron_ore":6,"minecraft:cobweb":3,"minecraft:stone":38,"minecraft:deepslate":40},"minecraft:killed_by":{"minecraft:creeper":1},"minecraft:custom":{"minecraft:interact_with_furnace":36,"minecraft:mob_kills":25,"minecraft:interact_with_crafting_table":15,"minecraft:leave_game":2,"minecraft:time_since_death":16924,"minecraft:sleep_in_bed":3,"minecraft:time_since_rest":10058,"minecraft:sprint_one_cm":193654,"minecraft:damage_taken":1339,"minecraft:walk_one_cm":71460,"minecraft:drop":23,"minecraft:damage_dealt":3532,"minecraft:swim_one_cm":14191,"minecraft:fly_one_cm":274482,"minecraft:player_kills":2,"minecraft:crouch_one_cm":5611,"minecraft:deaths":1,"minecraft:play_time":50905,"minecraft:sneak_time":2002,"minecraft:walk_under_water_one_cm":1033,"minecraft:jump":1497,"minecraft:walk_on_water_one_cm":7065,"minecraft:total_world_time":50905,"minecraft:fall_one_cm":42262},"minecraft:used":{"minecraft:cooked_mutton":11,"minecraft:stone_sword":37,"minecraft:stone_pickaxe":32,"minecraft:oak_planks":3,"minecraft:wooden_pickaxe":8,"minecraft:rotten_flesh":1,"minecraft:iron_chestplate":1,"minecraft:torch":8,"minecraft:mutton":2,"minecraft:crafting_table":6,"minecraft:white_bed":3,"minecraft:iron_axe":1,"minecraft:bread":1,"minecraft:iron_pickaxe":108,"minecraft:stone_axe":22,"minecraft:wooden_sword":26,"minecraft:cobblestone":13,"minecraft:beef":2,"minecraft:furnace":4,"minecraft:cooked_porkchop":2,"minecraft:bucket":7,"minecraft:cobbled_deepslate":21,"minecraft:powder_snow_bucket":6},"minecraft:dropped":{"minecraft:stone_axe":2,"minecraft:porkchop":3,"minecraft:cooked_beef":3,"minecraft:stone_sword":1,"minecraft:cooked_porkchop":4,"minecraft:white_bed":2,"minecraft:coal":12,"minecraft:stone_pickaxe":1,"minecraft:beef":18},"minecraft:crafted":{"minecraft:wooden_sword":1,"minecraft:oak_planks":32,"minecraft:cooked_porkchop":2,"minecraft:leather_boots":1,"minecraft:crafting_table":2,"minecraft:wooden_pickaxe":1,"minecraft:iron_sword":1,"minecraft:furnace":2,"minecraft:bucket":1,"minecraft:stone_axe":1,"minecraft:cooked_mutton":10,"minecraft:air":0,"minecraft:iron_chestplate":1,"minecraft:shield":1,"minecraft:iron_axe":1,"minecraft:stick":16,"minecraft:iron_ingot":22,"minecraft:iron_pickaxe":1,"minecraft:stone_pickaxe":1,"minecraft:stone_sword":1,"minecraft:white_bed":3},"minecraft:picked_up":{"minecraft:crafting_table":6,"minecraft:cooked_beef":3,"minecraft:andesite":2,"minecraft:leather":10,"minecraft:wooden_pickaxe":1,"minecraft:tuff":36,"minecraft:oak_log":20,"minecraft:gunpowder":1,"minecraft:string":9,"minecraft:wooden_sword":1,"minecraft:name_tag":1,"minecraft:cooked_mutton":1,"minecraft:cobbled_deepslate":64,"minecraft:iron_ingot":1,"minecraft:beef":20,"minecraft:stone_pickaxe":2,"minecraft:iron_pickaxe":1,"minecraft:oak_planks":17,"minecraft:egg":2,"minecraft:furnace":5,"minecraft:stick":2,"minecraft:raw_iron":43,"minecraft:cooked_porkchop":4,"minecraft:torch":1,"minecraft:porkchop":2,"minecraft:pointed_dripstone":14,"minecraft:white_bed":4,"minecraft:redstone":30,"minecraft:stone_sword":1,"minecraft:arrow":8,"minecraft:rotten_flesh":1,"minecraft:stone_axe":2,"minecraft:granite":1,"minecraft:coal":50,"minecraft:mutton":14,"minecraft:white_wool":11,"minecraft:cobblestone":60},"minecraft:killed":{"minecraft:cave_spider":1,"minecraft:pig":2,"minecraft:creeper":1,"minecraft:sheep":10,"minecraft:skeleton":3,"minecraft:zombie":1,"minecraft:cow":6}},"DataVersion":3953}