{"stats":{"minecraft:mined":{"minecraft:deepslate_redstone_ore":3,"minecraft:tuff":15,"minecraft:white_bed":2,"minecraft:sculk_vein":1,"minecraft:crafting_table":3,"minecraft:granite":1,"minecraft:short_grass":3,"minecraft:cobblestone":1,"minecraft:oak_planks":6,"minecraft:sculk":2,"minecraft:wall_torch":1,"minecraft:furnace":4,"minecraft:iron_ore":17,"minecraft:pointed_dripstone":4,"minecraft:oak_log":16,"minecraft:coal_ore":10,"minecraft:deepslate_iron_ore":6,"minecraft:cobweb":3,"minecraft:stone":35,"minecraft:deepslate":40},"minecraft:killed_by":{"minecraft:creeper":1},"minecraft:custom":{"minecraft:interact_with_furnace":17,"minecraft:mob_kills":25,"minecraft:interact_with_crafting_table":7,"minecraft:leave_game":2,"minecraft:time_since_death":4924,"minecraft:sleep_in_bed":2,"minecraft:time_since_rest":4949,"minecraft:sprint_one_cm":155772,"minecraft:damage_taken":1322,"minecraft:walk_one_cm":59312,"minecraft:drop":18,"minecraft:damage_dealt":3493,"minecraft:swim_one_cm":14191,"minecraft:fly_one_cm":200560,"minecraft:player_kills":2,"minecraft:crouch_one_cm":4340,"minecraft:deaths":1,"minecraft:play_time":38905,"minecraft:sneak_time":1432,"minecraft:walk_under_water_one_cm":1033,"minecraft:jump":1170,"minecraft:walk_on_water_one_cm":7065,"minecraft:total_world_time":38905,"minecraft:fall_one_cm":35505},"minecraft:used":{"minecraft:cooked_mutton":11,"minecraft:stone_sword":37,"minecraft:stone_pickaxe":32,"minecraft:oak_planks":3,"minecraft:wooden_pickaxe":8,"minecraft:rotten_flesh":1,"minecraft:torch":8,"minecraft:mutton":2,"minecraft:crafting_table":4,"minecraft:white_bed":2,"minecraft:bread":1,"minecraft:iron_pickaxe":98,"minecraft:stone_axe":21,"minecraft:wooden_sword":26,"minecraft:cobblestone":13,"minecraft:beef":2,"minecraft:furnace":3,"minecraft:cobbled_deepslate":21},"minecraft:dropped":{"minecraft:porkchop":2,"minecraft:cooked_beef":3,"minecraft:cooked_porkchop":4,"minecraft:white_bed":2,"minecraft:coal":12,"minecraft:beef":18},"minecraft:crafted":{"minecraft:wooden_sword":1,"minecraft:oak_planks":32,"minecraft:crafting_table":2,"minecraft:wooden_pickaxe":1,"minecraft:furnace":2,"minecraft:stone_axe":1,"minecraft:cooked_mutton":10,"minecraft:air":0,"minecraft:stick":12,"minecraft:iron_ingot":3,"minecraft:iron_pickaxe":1,"minecraft:stone_pickaxe":1,"minecraft:stone_sword":1,"minecraft:white_bed":3},"minecraft:picked_up":{"minecraft:crafting_table":4,"minecraft:cooked_beef":3,"minecraft:andesite":2,"minecraft:leather":10,"minecraft:wooden_pickaxe":1,"minecraft:tuff":36,"minecraft:oak_log":20,"minecraft:gunpowder":1,"minecraft:string":9,"minecraft:wooden_sword":1,"minecraft:name_tag":1,"minecraft:cooked_mutton":1,"minecraft:cobbled_deepslate":64,"minecraft:beef":20,"minecraft:stone_pickaxe":1,"minecraft:iron_pickaxe":1,"minecraft:oak_planks":17,"minecraft:egg":2,"minecraft:furnace":3,"minecraft:stick":2,"minecraft:raw_iron":43,"minecraft:cooked_porkchop":4,"minecraft:torch":1,"minecraft:porkchop":2,"minecraft:pointed_dripstone":14,"minecraft:white_bed":3,"minecraft:redstone":30,"minecraft:stone_sword":1,"minecraft:arrow":8,"minecraft:rotten_flesh":1,"minecraft:stone_axe":1,"minecraft:granite":1,"minecraft:coal":33,"minecraft:mutton":14,"minecraft:white_wool":11,"minecraft:cobblestone":56},"minecraft:killed":{"minecraft:cave_spider":1,"minecraft:pig":2,"minecraft:creeper":1,"minecraft:sheep":10,"minecraft:skeleton":3,"minecraft:zombie":1,"minecraft:cow":6}},"DataVersion":3953}