{"stats":{"minecraft:mined":{"minecraft:white_bed":1,"minecraft:furnace":3,"minecraft:iron_ore":2,"minecraft:crafting_table":2,"minecraft:short_grass":3,"minecraft:coal_ore":7,"minecraft:oak_log":9,"minecraft:stone":16},"minecraft:used":{"minecraft:cooked_mutton":5,"minecraft:stone_sword":4,"minecraft:stone_pickaxe":20,"minecraft:wooden_pickaxe":8,"minecraft:stone_axe":7,"minecraft:wooden_sword":26,"minecraft:cobblestone":2,"minecraft:mutton":2,"minecraft:beef":2,"minecraft:crafting_table":3,"minecraft:furnace":2,"minecraft:white_bed":1},"minecraft:custom":{"minecraft:time_since_rest":4103,"minecraft:interact_with_furnace":15,"minecraft:sprint_one_cm":58720,"minecraft:damage_taken":290,"minecraft:walk_one_cm":21829,"minecraft:mob_kills":18,"minecraft:drop":12,"minecraft:damage_dealt":1957,"minecraft:interact_with_crafting_table":5,"minecraft:fly_one_cm":120331,"minecraft:player_kills":1,"minecraft:crouch_one_cm":665,"minecraft:play_time":18107,"minecraft:sneak_time":194,"minecraft:jump":586,"minecraft:leave_game":1,"minecraft:time_since_death":18107,"minecraft:sleep_in_bed":2,"minecraft:total_world_time":18107,"minecraft:fall_one_cm":22356},"minecraft:dropped":{"minecraft:porkchop":2,"minecraft:cooked_beef":3,"minecraft:cooked_porkchop":4,"minecraft:beef":18,"minecraft:white_bed":2,"minecraft:coal":6},"minecraft:crafted":{"minecraft:wooden_sword":1,"minecraft:oak_planks":32,"minecraft:crafting_table":1,"minecraft:stick":8,"minecraft:wooden_pickaxe":1,"minecraft:stone_pickaxe":1,"minecraft:stone_sword":1,"minecraft:furnace":1,"minecraft:white_bed":3,"minecraft:stone_axe":1,"minecraft:air":0,"minecraft:cooked_mutton":10},"minecraft:picked_up":{"minecraft:raw_iron":2,"minecraft:crafting_table":2,"minecraft:cooked_beef":3,"minecraft:cooked_porkchop":4,"minecraft:leather":5,"minecraft:porkchop":2,"minecraft:oak_log":8,"minecraft:white_bed":1,"minecraft:beef":20,"minecraft:oak_planks":1,"minecraft:mutton":14,"minecraft:coal":15,"minecraft:egg":1,"minecraft:white_wool":10,"minecraft:cobblestone":18,"minecraft:furnace":1},"minecraft:killed":{"minecraft:sheep":10,"minecraft:pig":2,"minecraft:cow":6}},"DataVersion":3953}