{"stats":{"minecraft:mined":{"minecraft:white_bed":2,"minecraft:crafting_table":3,"minecraft:granite":1,"minecraft:short_grass":3,"minecraft:cobblestone":1,"minecraft:oak_planks":6,"minecraft:furnace":4,"minecraft:iron_ore":17,"minecraft:coal_ore":10,"minecraft:oak_log":16,"minecraft:deepslate_iron_ore":6,"minecraft:cobweb":3,"minecraft:stone":28,"minecraft:deepslate":1},"minecraft:custom":{"minecraft:interact_with_furnace":17,"minecraft:mob_kills":24,"minecraft:interact_with_crafting_table":7,"minecraft:leave_game":2,"minecraft:time_since_death":28494,"minecraft:sleep_in_bed":2,"minecraft:time_since_rest":14490,"minecraft:sprint_one_cm":122144,"minecraft:damage_taken":826,"minecraft:walk_one_cm":38412,"minecraft:drop":18,"minecraft:damage_dealt":2990,"minecraft:swim_one_cm":5603,"minecraft:player_kills":1,"minecraft:fly_one_cm":150777,"minecraft:crouch_one_cm":3420,"minecraft:play_time":28494,"minecraft:sneak_time":889,"minecraft:walk_under_water_one_cm":326,"minecraft:jump":801,"minecraft:walk_on_water_one_cm":4753,"minecraft:total_world_time":28494,"minecraft:fall_one_cm":26854},"minecraft:used":{"minecraft:cooked_mutton":10,"minecraft:stone_sword":29,"minecraft:stone_pickaxe":32,"minecraft:oak_planks":3,"minecraft:wooden_pickaxe":8,"minecraft:rotten_flesh":1,"minecraft:torch":7,"minecraft:mutton":2,"minecraft:crafting_table":4,"minecraft:white_bed":2,"minecraft:bread":1,"minecraft:iron_pickaxe":28,"minecraft:stone_axe":21,"minecraft:wooden_sword":26,"minecraft:cobblestone":11,"minecraft:beef":2,"minecraft:furnace":3},"minecraft:dropped":{"minecraft:porkchop":2,"minecraft:cooked_beef":3,"minecraft:cooked_porkchop":4,"minecraft:white_bed":2,"minecraft:coal":12,"minecraft:beef":18},"minecraft:crafted":{"minecraft:wooden_sword":1,"minecraft:oak_planks":32,"minecraft:crafting_table":2,"minecraft:wooden_pickaxe":1,"minecraft:furnace":2,"minecraft:stone_axe":1,"minecraft:cooked_mutton":10,"minecraft:air":0,"minecraft:stick":12,"minecraft:iron_ingot":3,"minecraft:iron_pickaxe":1,"minecraft:stone_pickaxe":1,"minecraft:stone_sword":1,"minecraft:white_bed":3},"minecraft:picked_up":{"minecraft:crafting_table":3,"minecraft:cooked_beef":3,"minecraft:leather":5,"minecraft:oak_log":14,"minecraft:string":4,"minecraft:cobbled_deepslate":1,"minecraft:beef":20,"minecraft:oak_planks":8,"minecraft:egg":1,"minecraft:furnace":2,"minecraft:raw_iron":23,"minecraft:cooked_porkchop":4,"minecraft:porkchop":2,"minecraft:white_bed":2,"minecraft:rotten_flesh":1,"minecraft:arrow":4,"minecraft:granite":1,"minecraft:mutton":14,"minecraft:coal":27,"minecraft:white_wool":10,"minecraft:cobblestone":41},"minecraft:killed":{"minecraft:cave_spider":1,"minecraft:pig":2,"minecraft:sheep":10,"minecraft:skeleton":3,"minecraft:zombie":1,"minecraft:cow":6}},"DataVersion":3953}